use edugame;

delete from member;
delete from category;
delete from publisher;
delete from game;
delete from highlightImage;
delete from image;
delete from game_has_category;
delete from game_has_highlightImage;
delete from game_has_image;
delete from member_favorite_game;
delete from member_played_game;
delete from member_rate_game;
delete from publisher_has_game;
delete from publisher_has_highlightImage;

insert into member values 
(9001, 'bht1', 'bht01', 'bht1@gmail.com', 10),
(9002, 'bht2', 'bht01', 'bht2@gmail.com', 11),
(9003, 'bht3', 'bht01','bht3@gmail.com', 12),
(9004, 'bht4', 'bht02','bht4@gmail.com', 13),
(9005, 'bht5', 'bht03','bht5@gmail.com', 14),
(9006, 'bht6', 'bht05','bht6@gmail.com', 15),
(9007, 'bht7', 'bht09','bht7@gmail.com', 16),
(9008, 'bht8', 'bht010','bht8@gmail.com', 17),
(9009, 'bht9', 'bht011','bht9@gmail.com', 18),
(9010, 'bht10', 'bht021','bht10@gmail.com', 19),
(9011, 'bht11', 'bht021','bht11@gmail.com', 20),
(9012, 'bht12', 'bht021','bht12@gmail.com', 21),
(9013, 'bht13', 'bht0221','bht13@gmail.com', 22),
(9014, 'bht14', 'bht012','bht14@gmail.com', 23),
(9015, 'bht15', 'bht012','bht15@gmail.com', 24),
(9016, 'bht16', 'bht013','bht16@gmail.com', 25),
(9017, 'bht17', 'bht014','bht17@gmail.com', 26),
(9018, 'bht18', 'bht015','bht18@gmail.com', 27),
(9019, 'bht19', 'bht016','bht19@gmail.com', 28),
(9020, 'bht20', 'bht01','bht20@gmail.com', 29);

insert into category values 
(201, 'Action'), 
(202, 'Adventure'), 
(203, 'Puzzle'),
(204, 'Co-operative'),
(205, 'Strategy'),
(206, 'Survival'),
(207, 'All sports'),
(208, 'Casual'),
(209, 'Fighting'),
(2010, 'City and settlement'),
(2011, 'Open world'),
(2012, 'Rogue-like'),
(2013, 'Role-playing'),
(2014, 'Simulation'),
(2015, 'Anime'),
(2016, 'VR titles'),
(2017, 'Horror'),
(2018, 'Visual novel'),
(2019, 'Free to play'),
(2020, 'Sci-fi and cyberpunk');

insert into publisher values 
(101, 'Mihoyo', 'Hanoi, Vietnam', 19008581,'Team17 is an award-winning developer and indie games publisher, responsible for Worms, The Escapists, Overcooked, Yooka-Laylee, My Time At Portia and many more!'),
(102, 'Kuro Games', 'Ho Chi Minh, Vietnam', 19008575,'EA Video Game Membership - Don’t just get the game. Get more from your game with EA Play. Members get more rewards, more exclusive content, and unlimited access to more top EA titles on Steam.'),
(103, 'Epic Games', 'Seoul, Korea', 12345777,'A pioneer in the world of interactive entertainment, Nexon was founded in 1994 and introduced some of the biggest innovations in our industry including the world’s first graphic MMORPG & first Free to Play game.'),
(104, 'Zero17', 'Chicago, USA', 1359758,'We’re the publisher behind Mandragora, Nova Antarctica and Ninja or Die, and the home of Story of Seasons and Rune Factory series in Europe.'),
(105, 'EA', 'London, England', 0205897,'Sort, stack, and organize even more household objects in the new Cupboards & Drawers expansion for A Little to the Left! A deep cleaning of all the bins and boxes, nooks and crannies, and forgotten corners of the home.'),
(106, 'Konami', 'Berlin, Germany', 075368,'Established in 2016, Annapurna Interactive works with game creators from around the world, helping them create and release personal experiences for everyone.'),
(107, 'Nintendo', 'Hanoi, Vietnam', 075272778,'XSEED Games was formed in November 2004 by a small group of industry veterans with a common vision; to cross pollinate the avid gaming culture of Japan and North America.'),
(108, 'Kakao Games', 'New York, USA', 0788888,'Founded in 1979, Activision continues to disrupt the world of entertainment with its extensive roster of epic blockbuster games.'),
(109, 'Team 21', 'Tokyo, Japan', 07896452,'Bandai Namco exists to share dreams, fun and inspiration with people around the world. Do you wish to enjoy every single day to the fullest? What we want is for people like you to always have a reason to smile.'),
(1010, 'CapCom', 'Kyoto, Japan', 87874228,'DANGEN Entertainment is an indie publisher based in Japan, bringing rad video games from around the world, straight to your face.'),
(1011, 'Kings', 'Hanoi, Vietnam', 15878277,'We are here to publish great games and get to know you.'),
(1012, 'Rovio', 'Tokyo, Japan', 15678757,'PlayStation Studios is home to the development of Sony Interactive Entertainment’s own outstanding and immersive games, including some of the most popular and critically acclaimed titles in entertainment history.'),
(1013, 'Biggs', 'Seoul, Korea', 74878777,'Save 20% now on Hogwarts Legacy, Hogwarts Legacy: Digital Deluxe Edition and the Hogwarts Legacy: Dark Arts Pack during Steams Summer Sale!'),
(1014, 'Aybernate', 'Milan, Italy', 0475757114,'As always, we have fantastic savings across the Frontier library until July 13th, so make sure to take advantage of these awesome deals! '),
(1015, 'Beyblade go', 'Lyon, France', 057887777,'We Create the Games. You Create the Stories.'),
(1016, 'Notindie Games', 'Rennes, France', 405227575,'Monster Hunter Rise: Sunbreak expansion The world of Monster Hunter Rise gets bigger and deeper with this massive expansion featuring new monsters, new locales and more!'),
(1017, 'I died', 'Brussels, Belgium', 05757527,'We know all about crystal clear publishing: no secrets and sketchy know-hows, only your creativity and our passion for games.'),
(1018, 'Apogee', 'Hanoi, Vietnam', 0505288575,'2K develops and publishes critically-acclaimed franchises such as BioShock, Borderlands, Sid Meier’s Civilization, XCOM, WWE 2K, and NBA 2K.'),
(1019, '015', 'London, England', 027087207,'Whatever you aspire to, we can help you reach your next level.'),
(1020, 'Simulant', 'Paris, France', 057285788,'505 Games is a global game publisher focused on offering a broad selection of titles for players of all ages and levels.');

insert into game values 
(1101, 'Mageseeker', '2-15', 'From Digital Sun, creators of Moonlighter, The Mageseeker is an action RPG in the League of Legends universe. Play as Sylas, a mage now freed from years in captivity. Wield the chains that once bound you and liberate Demacia from the Mageseekers tyranny',1,2,'https://store.steampowered.com/app/1457080/The_Mageseeker_A_League_of_Legends_Story/',101),
(1102, 'Satisfactory', '2-10', 'Satisfactory is a first-person open-world factory building game with a dash of exploration and combat. Play alone or with friends, explore an alien planet, create multi-story factories, and enter conveyor belt heaven!',1,2,'https://store.steampowered.com/app/526870/Satisfactory/',1012),
(1103, 'Raft', '15-18', 'Raft throws you and your friends into an epic oceanic adventure! Alone or together, players battle to survive a perilous voyage across a vast sea! Gather debris, scavenge reefs and build your own floating home, but be wary of the man-eating sharks!',2,5,'https://store.steampowered.com/app/648800/Raft/',1013),
(1104, 'Valheim', '12-18', 'A brutal exploration and survival game for 1-10 players, set in a procedurally-generated purgatory inspired by viking culture. Battle, build, and conquer your way to a saga worthy of Odin’s patronage!',2,4,'https://store.steampowered.com/app/892970/Valheim/',105),
(1105, 'Grounded', '12-15', 'The world is a vast, beautiful and dangerous place – especially when you have been shrunk to the size of an ant. Can you thrive alongside the hordes of giant insects, fighting to survive the perils of the backyard?',2,10,'https://store.steampowered.com/app/962130/Grounded/',1013),
(1106, 'Scrap Mechanic', '2-15', 'Enter the creative paradise of Scrap Mechanic! Build fantastic machines, go on adventures with your friends and defend against waves of evil Farmbots in this imaginative multiplayer survival sandbox. With Scrap Mechanic’s powerful creation tools you can engineer your own adventures!',2,5,'https://store.steampowered.com/app/387990/Scrap_Mechanic/',102),
(1107, 'Fatal Frame', '3-10', 'Japanese survival horror game "FATAL FRAME / PROJECT ZERO: Mask of the Lunar Eclipse" is back with better graphics.',1,1,'https://store.steampowered.com/app/2130460/FATAL_FRAME__PROJECT_ZERO_Mask_of_the_Lunar_Eclipse/',1011),
(1108, 'Samurai Showdown', '2-5', 'SAMURAI REBOOT! A brand new SAMURAI SHODOWN game takes aim for the world stage!',2,3,'https://store.steampowered.com/app/1342260/SAMURAI_SHODOWN/',1012),
(1109, 'Azure', '16-18', 'The Special Support Section is back with more members and more cases to solve! How will this rag-tag group deal with the oncoming threats to Crossbell’s political stability while maintaining their team’s foundation?',1,4,'https://store.steampowered.com/app/1668520/The_Legend_of_Heroes_Trails_to_Azure/',105),
(11010, 'Warhammer', '12-18', 'Take back the city of Tertium from hordes of bloodthirsty foes in this intense and brutal action shooter. Warhammer 40,000: Darktide is the new co-op focused experience from the award-winning team behind the Vermintide series. As Tertium falls, Rejects Will Rise.',2,5,'https://store.steampowered.com/app/1361210/Warhammer_40000_Darktide/',1012),
(11011, 'Hydroneer', '18-50', 'Hydroneer is a mining and base building sandbox. Dig for gold and other resources to turn a profit and enhance your mining operation. Build a base of operations, forge weapons, go fishing, and dig deep!',1,1,'https://store.steampowered.com/app/1106840/Hydroneer/',1013),
(11012, 'Escape Simulator', '1-5', 'First-person puzzler you can play solo or in an online co-op (best with 2-3 players, but playable with more). Explore a set of highly interactive escape rooms. Move furniture, pick up and examine everything, smash pots and break locks! Supports community rooms through the level editor.',1,2,'https://store.steampowered.com/app/1435790/Escape_Simulator/',1015),
(11013, 'Train', '3-18', 'Join a world where you design, create and pilot your own air sea rescue service. Release your inner hero as you battle fierce storms out at sea to rescue those in need.',2,10,'https://store.steampowered.com/app/573090/Stormworks_Build_and_Rescue/',1017),
(11014, 'Desktop Dungeon', '2-5', 'Desktop Dungeons: Rewind bestows bites of tactical roguelike action, which will quickly fester into a deep, lingering, and strategic obsession.',1,1,'https://store.steampowered.com/app/1976950/Desktop_Dungeons_Rewind/',103),
(11015, 'Spider Man', '3-10', 'In Marvel’s Spider-Man Remastered, the worlds of Peter Parker and Spider-Man collide in an original action-packed story.',8,10,'https://store.steampowered.com/app/1817070/Marvels_SpiderMan_Remastered/',1020),
(11016, 'Void Train', '2-15', 'Become a crew member of an Interdimensional Express Train! Discover a new world full of mysterious creatures, enemies and places.',4,9,'https://store.steampowered.com/app/1159690/Voidtrain/',1019),
(11017, 'Ghost Trick', '2-10', 'Ghost Trick: Phantom Detective, the classic puzzle-solving mystery adventure directed by Ace Attorney creator Shu Takumi, is back!',2,5,'https://store.steampowered.com/app/1967430/Ghost_Trick_Phantom_Detective/',1012),
(11018, 'Power Wash', '16-18', 'Release the Pressure with PowerWash Simulator! Wash away your worries with the soothing sounds of high-pressure water. ',2,4,'https://store.steampowered.com/app/1290000/PowerWash_Simulator/',101),
(11019, 'DJ Max', '2-5', 'DJMAX RESPECT V is the latest installment from the creators of the critically acclaimed rhythm game franchise ‘DJMAX.’ ',1,1,'https://store.steampowered.com/app/960170/DJMAX_RESPECT_V/',106),
(11020, 'Muse Dash', '3-7', 'Paradise of parkour & rhythm game ★★★ — Muse Dash!!',2,5,'https://store.steampowered.com/app/774171/Muse_Dash/',108),
(11021, 'Oxygen Not Included', '7-18', 'Oxygen Not Included is a space-colony simulation game. Deep inside an alien space rock your industrious crew will need to master science, overcome strange new lifeforms, and harness incredible space tech to survive, and possibly, thrive.',1,1,'https://store.steampowered.com/app/457140/Oxygen_Not_Included/',107),
(11022, 'Timberborn', '7-16', 'Humans are long gone. Will your lumberpunk beavers do any better? A city-building game featuring ingenious animals, vertical architecture, river control, and deadly droughts.',2,10,'https://store.steampowered.com/app/1062090/Timberborn/',1015),
(11023, 'Rim World', '16-50', 'A sci-fi colony sim driven by an intelligent AI storyteller. Generates stories by simulating psychology, ecology, gunplay, melee combat, climate, biomes, diplomacy, interpersonal relationships, art, medicine, trade, and more.',4,10,'https://store.steampowered.com/app/294100/RimWorld/',1016),
(11024, 'Factorio', '12-50', 'Factorio is a game about building and creating automated factories to produce items of increasing complexity, within an infinite 2D world.',4,8,'https://store.steampowered.com/app/427520/Factorio/',109),
(11025, 'Jurrasic World', '12-18', 'Jurassic World Evolution 2 is the much-anticipated sequel to Frontier’s highly successful Jurassic World Evolution.',7,10,'https://store.steampowered.com/app/1244460/Jurassic_World_Evolution_2/',1010),
(11026, 'Dawn', '18-50', '20 Minutes Till Dawn is a survival roguelite where endless hordes of creatures lurk from the dark. Craft an array of overpowering builds and eradicate waves of Lovecraftian nightmares. Will you be able to survive the night?',8,10,'https://store.steampowered.com/app/1966900/20_Minutes_Till_Dawn/',1014),
(11027, 'The Binding of Issac', '3-10', 'Brotato is a top-down arena shooter roguelite where you play a potato wielding up to 6 weapons at a time to fight off hordes of aliens. ',2,8,'https://store.steampowered.com/app/1942280/Brotato/',104),
(11028, 'Aimlabs', '3-5', 'Aimlabs is the aim trainer of choice for over 30 Million players, from beginners to esports pros. Our unique aim analysis optimizes your gameplay, targets your weaknesses & builds key skills for any FPS game!',2,7,'https://store.steampowered.com/app/714010/Aimlabs/',1015),
(11029, 'Counter Strike', '12-18', 'Counter-Strike: Global Offensive (CS: GO) expands upon the team-based action gameplay that it pioneered when it was launched 19 years ago. ',1,10,'https://store.steampowered.com/app/730/CounterStrike_Global_Offensive/',1018),
(11030, 'Gunfire Reborn', '14-20', 'Gunfire Reborn is a level-based adventure game featuring FPS, Roguelite and RPG. Players can control heroes with various abilities to experience diverse Build gameplay, use various weapons to explore procedurally-generated levels. You can play the game alone, or join 4-player coop.',1,2,'https://store.steampowered.com/app/1217060/Gunfire_Reborn/',1020),
(11031, 'PlateUp', '14-30', 'Cook and serve your dishes, design and decorate your restaurants, and expand your culinary kingdom with new unlocks, abilities and dishes in procedurally-generated locations.',3,5,'https://store.steampowered.com/app/1599600/PlateUp/',1019),
(11032, 'Overcooked 2', '12-18', 'Overcooked returns with a brand-new helping of chaotic cooking action! Journey back to the Onion Kingdom and assemble your team of chefs in classic couch co-op or online play for up to four players.',1,4,'https://store.steampowered.com/app/728880/Overcooked_2/',108);

insert into highlightimage values
(1301,'https://clan.cloudflare.steamstatic.com/images/32941731/b18784ed7ab8559ae03ddaa7e291b2a99bb90e52.png'),
(1302, 'https://clan.cloudflare.steamstatic.com/images/36135791/ed28710ee9927b8b72f60769954b21dd3d3c0619.jpg'),
(1303, 'https://cdn.akamai.steamstatic.com/steam/apps/1868140/header.jpg?t=1688092032'),
(1304, 'https://cdn.cloudflare.steamstatic.com/steam/apps/1702330/header.jpg?t=1683330626'),
(1305, 'https://cdn.cloudflare.steamstatic.com/steam/apps/2343790/header.jpg?t=1688571583'),
(1306, 'https://cdn.akamai.steamstatic.com/steam/apps/1332010/header.jpg?t=1688314132'),
(1307, 'https://cdn.cloudflare.steamstatic.com/steam/apps/2111170/header.jpg?t=1688578745'),
(1308, 'https://cdn.cloudflare.steamstatic.com/steam/apps/1938090/header.jpg?t=1687571108'),
(1309, 'https://clan.akamai.steamstatic.com/images/33042543/74ed6cf4201aed8b2960c244414b84f71ade904a.jpg'),
(13010, 'https://cdn.cloudflare.steamstatic.com/steam/apps/368340/header.jpg?t=1651051331'),
(13011, 'https://cdn.cloudflare.steamstatic.com/steam/apps/1288310/header.jpg?t=1661249144'),
(13012, 'https://cdn.cloudflare.steamstatic.com/steam/apps/1817070/header.jpg?t=1673999865'),
(13013, 'https://cdn.cloudflare.steamstatic.com/steam/apps/990080/header.jpg?t=1680647016'),
(13014, 'https://cdn.cloudflare.steamstatic.com/steam/apps/703080/header_292x136_alt_assets_1.jpg?t=1687255697'),
(13015, 'https://cdn.cloudflare.steamstatic.com/steam/apps/1726380/header.jpg?t=1643101210'),
(13016, 'https://cdn.cloudflare.steamstatic.com/steam/apps/1880360/header.jpg?t=1664413720'),
(13017, 'https://cdn.cloudflare.steamstatic.com/steam/apps/1542110/header.jpg?t=1688453675'),
(13018, 'https://cdn.akamai.steamstatic.com/steam/apps/368260/header.jpg?t=1683821412'),
(13019, 'https://cdn.akamai.steamstatic.com/steam/apps/363860/header.jpg?t=1687534115'),
(13020, 'https://cdn.cloudflare.steamstatic.com/steam/apps/1850570/header.jpg?t=1683196693'),

(1401, 'https://avatars.cloudflare.steamstatic.com/ddb61e244eb6a48f0f4da0179bc8b8a7ca217c95_full.jpg'),
(1402, 'https://avatars.cloudflare.steamstatic.com/618cc2a46fad78ed1259df505c2de5bb4d806532_full.jpg'),
(1403, 'https://avatars.akamai.steamstatic.com/79df150833611f3fd8a320b59b5fb55ee455642b_full.jpg'),
(1404, 'https://avatars.cloudflare.steamstatic.com/d24b5612938cabc1651ecf86c56e76311187a088_full.jpg'),
(1405, 'https://avatars.cloudflare.steamstatic.com/89eff9ce1d38e32f22fcad214eb51bd5f5093499_full.jpg'),
(1406, 'https://avatars.akamai.steamstatic.com/5fdf11fc6e4e0d106b92443d203b8acf91b7923b_full.jpg'),
(1407, 'https://avatars.cloudflare.steamstatic.com/7658bc0b658317dc26408fab1bbf4c0756081825_full.jpg'),
(1408, 'https://avatars.cloudflare.steamstatic.com/751c4faad6133699315ca7d4ae03293cd3abbe49_full.jpg'),
(1409, 'https://avatars.akamai.steamstatic.com/97ea9619ba3076b8549c1484bef9308a67f0c64d_full.jpg'),
(14010, 'https://avatars.cloudflare.steamstatic.com/c837eb91db3b970aedd98980bf21a0480a38d287_full.jpg'),
(14011, 'https://avatars.cloudflare.steamstatic.com/26a725a1d7f2fe9a69fe9759b78cd4bcaa7fce91_full.jpg'),
(14012, 'https://avatars.cloudflare.steamstatic.com/40a85b52747a78b26e393e3f9e58f319194b1b33_full.jpg'),
(14013, 'https://avatars.cloudflare.steamstatic.com/f16b563aa590a273c115a97667d75266161d1c79_full.jpg'),
(14014, 'https://avatars.cloudflare.steamstatic.com/f6a1b205c387b7e6c9552e32bebaebe38d79e637_full.jpg'),
(14015, 'https://avatars.cloudflare.steamstatic.com/8e76e8626137272949479ef01cb78268ced22dee_full.jpg'),
(14016, 'https://avatars.cloudflare.steamstatic.com/6b62a91eb5a093261d8831d1908717bab0d687e9_full.jpg'),
(14017, 'https://avatars.cloudflare.steamstatic.com/d28f4e0e04652b999ea2c258ad4cb4ba5b728620_full.jpg'),
(14018, 'https://avatars.akamai.steamstatic.com/53b80fbb1f3c5e6833a5587177ee4bdbe8f52030_full.jpg'),
(14019, 'https://avatars.akamai.steamstatic.com/ce56d4fd0c675d2e7cee6501b1f5fa36fe87a123_full.jpg'),
(14020, 'https://avatars.cloudflare.steamstatic.com/d11f34d0ba825525d374d101223922f6bc5575c4_full.jpg');

insert into image values
(150101,'https://cdn.akamai.steamstatic.com/steam/apps/1457080/ss_2addb4ccea7211a4a9a4e830f61cf87b172351f1.1920x1080.jpg?t=1684425671'),
(150102,'https://cdn.akamai.steamstatic.com/steam/apps/1457080/ss_5260508c5752fd105883be68adce43c5a0d57821.1920x1080.jpg?t=1684425671'),
(150103,'https://cdn.akamai.steamstatic.com/steam/apps/1457080/ss_49699386f7a69741ccb73e41a955e41aef8e67f8.1920x1080.jpg?t=1684425671'),
(150104,'https://cdn.akamai.steamstatic.com/steam/apps/1457080/ss_d7535363195413c89aa6c1e1d471a292054d2955.1920x1080.jpg?t=1684425671'),
(150105,'https://cdn.akamai.steamstatic.com/steam/apps/1457080/ss_6286ed8787d6f770a647bfde17423bdb19491050.1920x1080.jpg?t=1684425671'),

(150201,'https://cdn.akamai.steamstatic.com/steam/apps/526870/ss_9083ccf8fbb22c4068a6e233e3de343f815f9dc1.1920x1080.jpg?t=1686669213'),
(150202,'https://cdn.akamai.steamstatic.com/steam/apps/526870/ss_324fb3d8774ef3eadba136d4eae8c01cbdf14a83.1920x1080.jpg?t=1686669213'),
(150203,'https://cdn.akamai.steamstatic.com/steam/apps/526870/ss_dcb79211f2f9bac1e6a2d85aad132fc3ae909001.1920x1080.jpg?t=1686669213'),
(150204,'https://cdn.akamai.steamstatic.com/steam/apps/526870/ss_3f47e401fc3e09fd86500d2026da954de08a015b.1920x1080.jpg?t=1686669213'),
(150205,'https://cdn.akamai.steamstatic.com/steam/apps/526870/ss_969cc0ee250048267ba4cbd6187dbeb93cfd285b.1920x1080.jpg?t=1686669213'),

(150301,'https://cdn.akamai.steamstatic.com/steam/apps/648800/ss_c22b2ff5ba5609f74e61b5feaa5b7a1d7fd1dbd3.1920x1080.jpg?t=1655744208'),
(150302,'https://cdn.akamai.steamstatic.com/steam/apps/648800/ss_2adb248f4d501cf58344d9af1d8a9e56c74647ee.1920x1080.jpg?t=1655744208'),
(150303,'https://cdn.akamai.steamstatic.com/steam/apps/648800/ss_56914c026da8c8411974bd0e2e8cb81a0331ba99.1920x1080.jpg?t=1655744208'),
(150304,'https://cdn.akamai.steamstatic.com/steam/apps/648800/ss_7e366c948ed3847f33693cebd23aaaf6458cbf46.1920x1080.jpg?t=1655744208'),
(150305,'https://cdn.akamai.steamstatic.com/steam/apps/648800/ss_d1ab60ade693c7ce90bcd0ba5400f8ea39e73edb.1920x1080.jpg?t=1655744208'),

(150401,'https://cdn.akamai.steamstatic.com/steam/apps/892970/ss_a600a7d4ca954543e22f571a9629521a13f82143.1920x1080.jpg?t=1676365340'),
(150402,'https://cdn.akamai.steamstatic.com/steam/apps/892970/ss_cd0262c5abf8a90ee5e1059acafc5a92b6be0e73.1920x1080.jpg?t=1676365340'),
(150403,'https://cdn.akamai.steamstatic.com/steam/apps/892970/ss_f6cbfeea728d557fa9f483685fea3205f08f5d9e.1920x1080.jpg?t=1676365340'),
(150404,'https://cdn.akamai.steamstatic.com/steam/apps/892970/ss_551f06a43b72609d7ca3cd63e93c58e949d58384.1920x1080.jpg?t=1676365340'),
(150405,'https://cdn.akamai.steamstatic.com/steam/apps/892970/ss_553301e2432883e9f026fe1dd0e91d7a8886d6f1.1920x1080.jpg?t=1676365340'),

(150501,'https://cdn.akamai.steamstatic.com/steam/apps/962130/ss_91a03b79d881f37cc7d39b5baf5bb597d344fabe.1920x1080.jpg?t=1684963474'),
(150502,'https://cdn.akamai.steamstatic.com/steam/apps/962130/ss_ae92bff37bed4b614ae250c9ea8c3e889c2e1614.1920x1080.jpg?t=1684963474'),
(150503,'https://cdn.akamai.steamstatic.com/steam/apps/962130/ss_f71a9fb8203f4a18d7bbe0f127847de264b12b5c.1920x1080.jpg?t=1684963474'),
(150504,'https://cdn.akamai.steamstatic.com/steam/apps/962130/ss_330547e267ebdd11cccf685a009404601eee9821.1920x1080.jpg?t=1684963474'),
(150505,'https://cdn.akamai.steamstatic.com/steam/apps/962130/ss_6239702102bd5da92ccb88c396f73f9f2d176cfd.1920x1080.jpg?t=1684963474'),

(150601,'https://cdn.cloudflare.steamstatic.com/steam/apps/387990/ss_55bea7e73e0e28b62377af9602cb4ce68c793068.1920x1080.jpg?t=1593703247'),
(150602,'https://cdn.cloudflare.steamstatic.com/steam/apps/387990/ss_dcedeb1b457c68abb6f07fe112c73599e82ecd68.1920x1080.jpg?t=1593703247'),
(150603,'https://cdn.cloudflare.steamstatic.com/steam/apps/387990/ss_da1a73da7f67636c423eebcafde65aa21ec28e7f.1920x1080.jpg?t=1593703247'),
(150604,'https://cdn.cloudflare.steamstatic.com/steam/apps/387990/ss_5f290f0d17091d33e25bdc4d15d37ce5feb0f3f6.1920x1080.jpg?t=1593703247'),
(150605,'https://cdn.cloudflare.steamstatic.com/steam/apps/387990/ss_cc2c94bb34b2541b3189c84d38a6237e1394e107.1920x1080.jpg?t=1593703247'),

(150701,'https://cdn.cloudflare.steamstatic.com/steam/apps/2130460/ss_9e1dd930bf68fb8e904a79cfbe43173572d44ee9.1920x1080.jpg?t=1683620930'),
(150702,'https://cdn.cloudflare.steamstatic.com/steam/apps/2130460/ss_6ee41abc629ea8f213baab3cc5aab5a25c1261b1.1920x1080.jpg?t=1683620930'),
(150703,'https://cdn.cloudflare.steamstatic.com/steam/apps/2130460/ss_54c51592ffe6ae0fddd1a0c195c9ca8b2d12fe95.1920x1080.jpg?t=1683620930'),
(150704,'https://cdn.cloudflare.steamstatic.com/steam/apps/2130460/ss_292b46e660331d63ede337db8cd36a22b5490aa5.1920x1080.jpg?t=1683620930'),
(150705,'https://cdn.cloudflare.steamstatic.com/steam/apps/2130460/ss_36a382c1b99f2c21f903e29f2dc002fa102bfe63.1920x1080.jpg?t=1683620930'),

(150801,'https://cdn.cloudflare.steamstatic.com/steam/apps/1342260/ss_53eff96ec19159c40eef4ac5b320b96a0d2ddbdc.1920x1080.jpg?t=1623815216'),
(150802,'https://cdn.cloudflare.steamstatic.com/steam/apps/1342260/ss_17a64082f05edbeb17ccc7e52083fd3b35b450b1.1920x1080.jpg?t=1623815216'),
(150803,'https://cdn.cloudflare.steamstatic.com/steam/apps/1342260/ss_b27b62e15cdee15fb128981ceac8c97f79d59721.1920x1080.jpg?t=1623815216'),
(150804,'https://cdn.cloudflare.steamstatic.com/steam/apps/1342260/ss_07360f4d3616b4a280df137f70719c13f4623b48.1920x1080.jpg?t=1623815216'),

(150901,'https://cdn.cloudflare.steamstatic.com/steam/apps/1668520/ss_8232738a3a9d2d02dfdbaa3dfc47077d5414fc49.1920x1080.jpg?t=1678834440'),
(150902,'https://cdn.cloudflare.steamstatic.com/steam/apps/1668520/ss_35e397300f927378a6e79e354eaebb0efa527848.1920x1080.jpg?t=1678834440'),
(150903,'https://cdn.cloudflare.steamstatic.com/steam/apps/1668520/ss_5355d4aff870ba7faa48b3fdcce146ff44e10ff7.1920x1080.jpg?t=1678834440'),
(150904,'https://cdn.cloudflare.steamstatic.com/steam/apps/1668520/ss_8958ddabea58215bfb665fa7a447ad710afece49.1920x1080.jpg?t=1678834440'),
(150905,'https://cdn.cloudflare.steamstatic.com/steam/apps/1668520/ss_1b8eecc4db12d00f2005627ef7cade19503e4509.1920x1080.jpg?t=1678834440'),

(151001,'https://cdn.cloudflare.steamstatic.com/steam/apps/1361210/ss_bb7caeef3cb174a55f6ba87b2fbeb9eb53db2dc9.1920x1080.jpg?t=1685354565'),
(151002,'https://cdn.cloudflare.steamstatic.com/steam/apps/1361210/ss_d932c7e464f32ab6d1380091d1752ab6b3c4b45b.1920x1080.jpg?t=1685354565'),
(151003,'https://cdn.cloudflare.steamstatic.com/steam/apps/1361210/ss_eea5f1aae5032babe3f1cdbd0c8e32272f4787c5.1920x1080.jpg?t=1685354565'),
(151004,'https://cdn.cloudflare.steamstatic.com/steam/apps/1361210/ss_93650972b56461922dbe1eb2613b4f84bab59389.1920x1080.jpg?t=1685354565'),
(151005,'https://cdn.cloudflare.steamstatic.com/steam/apps/1361210/ss_90b6ef5cdfc36d08b1b5237b628823a25087caef.1920x1080.jpg?t=1685354565'),

(151101,'https://cdn.cloudflare.steamstatic.com/steam/apps/1106840/ss_467a954b4ecf4fce9f4369ba280e3489791aa473.1920x1080.jpg?t=1681490626'),
(151102,'https://cdn.cloudflare.steamstatic.com/steam/apps/1106840/ss_69888496c502a48f800b83b95ee722c789a27b06.1920x1080.jpg?t=1681490626'),
(151103,'https://cdn.cloudflare.steamstatic.com/steam/apps/1106840/ss_3e6e52cf9790f0e16b2ba5e8381d446a84db978e.1920x1080.jpg?t=1681490626'),
(151104,'https://cdn.cloudflare.steamstatic.com/steam/apps/1106840/ss_a9e03d3697511ea9625c5125623de9980b5fa73a.1920x1080.jpg?t=1681490626'),
(151105,'https://cdn.cloudflare.steamstatic.com/steam/apps/1106840/ss_33e0e028bd92e246e6d480046dd8ee098a2ba072.1920x1080.jpg?t=1681490626'),

(151201,'https://cdn.cloudflare.steamstatic.com/steam/apps/1435790/ss_fd3f54b512086b2d4467f2a2c013071f05363df9.1920x1080.jpg?t=1687455381'),
(151202,'https://cdn.cloudflare.steamstatic.com/steam/apps/1435790/ss_b0aec2e77b0cf58cd57a9dda617daa96273672f8.1920x1080.jpg?t=1687455381'),
(151203,'https://cdn.cloudflare.steamstatic.com/steam/apps/1435790/ss_81fbc46a5e305c8967857ab4095befc70f9c50d9.1920x1080.jpg?t=1687455381'),
(151204,'https://cdn.cloudflare.steamstatic.com/steam/apps/1435790/ss_c77fdc1e077cda5354cc1f2237350bfbcb200951.1920x1080.jpg?t=1687455381'),

(151301,'https://cdn.cloudflare.steamstatic.com/steam/apps/573090/ss_8d88ab68e09667c7e11206b8019388189e58555d.1920x1080.jpg?t=1687610167'),
(151302,'https://cdn.cloudflare.steamstatic.com/steam/apps/573090/ss_9c4e929ee6327e9daae3307e94ee98c14c2ac10f.1920x1080.jpg?t=1687610167'),
(151303,'https://cdn.cloudflare.steamstatic.com/steam/apps/573090/ss_81ff65074f8fab794c13914362f65f4965ee4f44.1920x1080.jpg?t=1687610167'),

(151401,'https://cdn.cloudflare.steamstatic.com/steam/apps/1976950/ss_d8418da34d19ffc7cb2fabb7a575a83f337c5c65.1920x1080.jpg?t=1684259017'),
(151402,'https://cdn.cloudflare.steamstatic.com/steam/apps/1976950/ss_a7e547dbfcd59ba283113258c08223fdf3269847.1920x1080.jpg?t=1684259017'),
(151403,'https://cdn.cloudflare.steamstatic.com/steam/apps/1976950/ss_da0f9d6f525d809db9bf4dc2f9d885fa8ca4d8c8.1920x1080.jpg?t=1684259017'),
(151404,'https://cdn.cloudflare.steamstatic.com/steam/apps/1976950/ss_3e6b23e56205f6d91f4408b3a9654062cf11751a.1920x1080.jpg?t=1684259017'),
(151405,'https://cdn.cloudflare.steamstatic.com/steam/apps/1976950/ss_9163770684b033e3890658ef35bf6380fd00c746.1920x1080.jpg?t=1684259017'),

(151501,'https://cdn.cloudflare.steamstatic.com/steam/apps/1817070/ss_dfe778bf6d66e952e4acd4e1f926f7615b609ddf.1920x1080.jpg?t=1673999865'),
(151502,'https://cdn.cloudflare.steamstatic.com/steam/apps/1817070/ss_427677cf78195df94702f0a963cd9eaeb9d8935a.1920x1080.jpg?t=1673999865'),
(151503,'https://cdn.cloudflare.steamstatic.com/steam/apps/1817070/ss_5b5448df07bc74ba236f2c007fd0ec19cc1d22b6.1920x1080.jpg?t=1673999865'),
(151504,'https://cdn.cloudflare.steamstatic.com/steam/apps/1817070/ss_ad14a7daa190cb150fbb070afc70bc64d66a5e2e.1920x1080.jpg?t=1673999865'),
(151505,'https://cdn.cloudflare.steamstatic.com/steam/apps/1817070/ss_000ef57509c773d07a94c1b8c27a8f8966274d62.1920x1080.jpg?t=1673999865'),

(151601,'https://cdn.cloudflare.steamstatic.com/steam/apps/1159690/ss_550efaeb7c9397f3406606c49b427485a9183620.1920x1080.jpg?t=1688716761'),
(151602,'https://cdn.cloudflare.steamstatic.com/steam/apps/1159690/ss_35713a525f77a72998c4e24734db9a21ecf75447.1920x1080.jpg?t=1688716761'),
(151603,'https://cdn.cloudflare.steamstatic.com/steam/apps/1159690/ss_b6d329f45ab86ea61ed46e732c4954b386561941.1920x1080.jpg?t=1688716761'),
(151604,'https://cdn.cloudflare.steamstatic.com/steam/apps/1159690/ss_6fd89f786eedb5bc2d816a32f4d94f02471a5c8e.1920x1080.jpg?t=1688716761'),

(151701,'https://cdn.cloudflare.steamstatic.com/steam/apps/1967430/ss_bbf5c33bf45ce723aee52abe7ec3b641a9503013.1920x1080.jpg?t=1688695793'),
(151702,'https://cdn.cloudflare.steamstatic.com/steam/apps/1967430/ss_3a3a2f18da0fb7bbe9f4d0d88302bd4103343fab.1920x1080.jpg?t=1688695793'),
(151703,'https://cdn.cloudflare.steamstatic.com/steam/apps/1967430/ss_efad45bc7110cc77e040b83196ebc6253fe7a525.1920x1080.jpg?t=1688695793'),
(151704,'https://cdn.cloudflare.steamstatic.com/steam/apps/1967430/ss_379d587674c420e6da5db08fc06d2687f8a63a28.1920x1080.jpg?t=1688695793'),
(151705,'https://cdn.cloudflare.steamstatic.com/steam/apps/1967430/ss_5516ec5905c65630f1d7683d015e5ad59afd8e3b.1920x1080.jpg?t=1688695793'),

(151801,'https://cdn.cloudflare.steamstatic.com/steam/apps/1290000/ss_8782c713c59761ebaacabb214672655a1599ce79.1920x1080.jpg?t=1688055663'),
(151802,'https://cdn.cloudflare.steamstatic.com/steam/apps/1290000/ss_29593230c1bbcd6a6f3e371311d21b663679ccaf.1920x1080.jpg?t=1688055663'),
(151803,'https://cdn.cloudflare.steamstatic.com/steam/apps/1290000/ss_fdb99469c33092c9eeb564f8c00e05f7dbc298c8.1920x1080.jpg?t=1688055663'),

(151901,'https://cdn.cloudflare.steamstatic.com/steam/apps/960170/ss_36e75f6ba736b11a3e3085992557cade3c48ae7c.1920x1080.jpg?t=1666858912'),
(151902,'https://cdn.cloudflare.steamstatic.com/steam/apps/960170/ss_506b5515b6382c4aa0bf135eb00dcf2b9b8ab225.1920x1080.jpg?t=1666858912'),
(151903,'https://cdn.cloudflare.steamstatic.com/steam/apps/960170/ss_5c780d4651037a34937aef1d9b8690bfa4769bb5.1920x1080.jpg?t=1666858912'),
(151904,'https://cdn.cloudflare.steamstatic.com/steam/apps/960170/ss_ac63f41a78fe83dcd3556d6075c63009ebed48b0.1920x1080.jpg?t=1666858912'),

(152001,'https://cdn.cloudflare.steamstatic.com/steam/apps/774171/ss_08637a7ac0fb40479d0ad69c78e49805641644e3.1920x1080.jpg?t=1686650225'),
(152002,'https://cdn.cloudflare.steamstatic.com/steam/apps/774171/ss_ab029483f2e7341ac621540794e4d372acd02213.1920x1080.jpg?t=1686650225'),
(152003,'https://cdn.cloudflare.steamstatic.com/steam/apps/774171/ss_a8d9434bb3ecdfd3100f3d24f4ba7b6ebe36427b.1920x1080.jpg?t=1686650225'),
(152004,'https://cdn.cloudflare.steamstatic.com/steam/apps/774171/ss_a35acedc51f199976e7941a62369a0d0b5c819d7.1920x1080.jpg?t=1686650225'),
(152005,'https://cdn.cloudflare.steamstatic.com/steam/apps/774171/ss_ebdfd02f12d25a2f4eaed8ccbd292ecca529ed70.1920x1080.jpg?t=1686650225'),

(152101,'https://cdn.cloudflare.steamstatic.com/steam/apps/457140/ss_78d1c92edeecc7b17cafa9248867fe7d4390a0a0.1920x1080.jpg?t=1680201094'),
(152102,'https://cdn.cloudflare.steamstatic.com/steam/apps/457140/ss_67ab224dd8c781d5a27ee52657173298873d439a.1920x1080.jpg?t=1680201094'),
(152103,'https://cdn.cloudflare.steamstatic.com/steam/apps/457140/ss_c5e20abaf2c82f9156da9c80b2ec7c0aefc46254.1920x1080.jpg?t=1680201094'),
(152104,'https://cdn.cloudflare.steamstatic.com/steam/apps/457140/ss_02af9f36ca186bba1d0f2d5819d169e741076b46.1920x1080.jpg?t=1680201094'),

(152201,'https://cdn.cloudflare.steamstatic.com/steam/apps/1062090/ss_cca17a37ad1f7f4397f52a26040ae6dfcb38f7fb.1920x1080.jpg?t=1687854541'),
(152202,'https://cdn.cloudflare.steamstatic.com/steam/apps/1062090/ss_944d6dbf01f155ca4ce57fbbaf3d023b84b2892e.1920x1080.jpg?t=1687854541'),
(152203,'https://cdn.cloudflare.steamstatic.com/steam/apps/1062090/ss_cd17600ac5958309c14f8879a10a484eb3be42da.1920x1080.jpg?t=1687854541'),
(152204,'https://cdn.cloudflare.steamstatic.com/steam/apps/1062090/ss_e61aff7cf6d0891d1e2d237e6d29ff0adf516e68.1920x1080.jpg?t=1687854541'),

(152301,'https://cdn.cloudflare.steamstatic.com/steam/apps/294100/ss_371726c10a1b640dbf748fa62a500d911ac62427.1920x1080.jpg?t=1676391313'),
(152302,'https://cdn.cloudflare.steamstatic.com/steam/apps/294100/ss_c34c6c04b002454d8fee32ba52dca99c9cf1d76b.1920x1080.jpg?t=1676391313'),
(152303,'https://cdn.cloudflare.steamstatic.com/steam/apps/294100/ss_3038f36d2a1da63ddf29f16a48ee27254ab9b53d.1920x1080.jpg?t=1676391313'),
(152304,'https://cdn.cloudflare.steamstatic.com/steam/apps/294100/ss_941882a7b74ed157d0e840452bd31b7012dd39ca.1920x1080.jpg?t=1676391313'),

(152401,'https://cdn.cloudflare.steamstatic.com/steam/apps/427520/ss_36e4d8e5540805f5ed492d24d784ed9ba661752b.1920x1080.jpg?t=1664264081'),
(152402,'https://cdn.cloudflare.steamstatic.com/steam/apps/427520/ss_171f398a8e347fad650a9c1b6c3b77c612781510.1920x1080.jpg?t=1664264081'),
(152403,'https://cdn.cloudflare.steamstatic.com/steam/apps/427520/ss_e301bde0fc0e996ba93e92639cd49dd90ae47b36.1920x1080.jpg?t=1664264081'),
(152404,'https://cdn.cloudflare.steamstatic.com/steam/apps/427520/ss_9dba6c91d45eededca01f9f61bf1435be2dfbf0d.1920x1080.jpg?t=1664264081'),

(152501,'https://cdn.cloudflare.steamstatic.com/steam/apps/1244460/ss_e2043f89661bf4da80628e6ab1e97b0a67f1c7ed.1920x1080.jpg?t=1688134336'),
(152502,'https://cdn.cloudflare.steamstatic.com/steam/apps/1244460/ss_f22feb0cee0172cd3b9d1b6c845b90d911ee8858.1920x1080.jpg?t=1688134336'),
(152503,'https://cdn.cloudflare.steamstatic.com/steam/apps/1244460/ss_efde72180f48c4b722b04ac7c0b13ee46b45bdf0.1920x1080.jpg?t=1688134336'),
(152504,'https://cdn.cloudflare.steamstatic.com/steam/apps/1244460/ss_c78eddae3abebf2fadcf02dd72219e1bb9041406.1920x1080.jpg?t=1688134336'),
(152505,'https://cdn.cloudflare.steamstatic.com/steam/apps/1244460/ss_30300bd64f04746dbfdd9de44ae3e209aaae0510.1920x1080.jpg?t=1688134336'),

(152601,'https://cdn.cloudflare.steamstatic.com/steam/apps/1966900/ss_0ee0797519f432d01614ff20027ccbf4568255b7.1920x1080.jpg?t=1686845111'),
(152602,'https://cdn.cloudflare.steamstatic.com/steam/apps/1966900/ss_e7709844afbd28c7596f832e396e9af59cb7577b.1920x1080.jpg?t=1686845111'),
(152603,'https://cdn.cloudflare.steamstatic.com/steam/apps/1966900/ss_9c6155d820182d5f2e3298f38011e61cbd5f5966.1920x1080.jpg?t=1686845111'),
(152604,'https://cdn.cloudflare.steamstatic.com/steam/apps/1966900/ss_66b8a57cfb1e17e5365ec599eabf66a81ba27307.1920x1080.jpg?t=1686845111'),
(152605,'https://cdn.cloudflare.steamstatic.com/steam/apps/1966900/ss_ea450a059e47ddfcfa9078a7b16ab0d1bfecfb7f.1920x1080.jpg?t=1686845111'),

(152701,'https://cdn.cloudflare.steamstatic.com/steam/apps/1942280/ss_79be0eea0299da76bc50cef160fb669509f74e0b.1920x1080.jpg?t=1687514377'),
(152702,'https://cdn.cloudflare.steamstatic.com/steam/apps/1942280/ss_61ad3d242282311207828c1a7d87c1c9d7b4d8bf.1920x1080.jpg?t=1687514377'),
(152703,'https://cdn.cloudflare.steamstatic.com/steam/apps/1942280/ss_8d4467bb3278d7f50bf457337bbe76d0053ebd83.1920x1080.jpg?t=1687514377'),
(152704,'https://cdn.cloudflare.steamstatic.com/steam/apps/1942280/ss_d4b4c0b552e655169719e35c964765bd27d05900.1920x1080.jpg?t=1687514377'),

(152801,'https://cdn.cloudflare.steamstatic.com/steam/apps/714010/ss_a456640ad0687e8e5fa13b0729f54efcf5ab994a.1920x1080.jpg?t=1687282752'),
(152802,'https://cdn.cloudflare.steamstatic.com/steam/apps/714010/ss_90dc622d806092e52ffa966e027fccf463b846b3.1920x1080.jpg?t=1687282752'),
(152803,'https://cdn.cloudflare.steamstatic.com/steam/apps/714010/ss_fce87fa1bef78f90a4a5e1f38b29a9519b2f98b7.1920x1080.jpg?t=1687282752'),
(152804,'https://cdn.cloudflare.steamstatic.com/steam/apps/714010/ss_68deff34bc3958e8b1925f343cfe69479d8fc956.1920x1080.jpg?t=1687282752'),
(152805,'https://cdn.cloudflare.steamstatic.com/steam/apps/714010/ss_1c22e5184b8142ba132783e5952e87a7f87b552a.1920x1080.jpg?t=1687282752'),

(152901,'https://cdn.cloudflare.steamstatic.com/steam/apps/730/ss_118cb022b9a43f70d2e5a2df7427f29088b6b191.1920x1080.jpg?t=1683566799'),
(152902,'https://cdn.cloudflare.steamstatic.com/steam/apps/730/ss_d196d945c6170e9cadaf67a6dea675bd5fa7a046.1920x1080.jpg?t=1683566799'),
(152903,'https://cdn.cloudflare.steamstatic.com/steam/apps/730/ss_8c9cce9a9dde7b9c020837dcbd4615efe6f77d66.1920x1080.jpg?t=1683566799'),
(152904,'https://cdn.cloudflare.steamstatic.com/steam/apps/730/ss_2b9e362287b509bb3864fa7bad654fe1fda0f7ed.1920x1080.jpg?t=1683566799'),
(152905,'https://cdn.cloudflare.steamstatic.com/steam/apps/730/ss_34090867f1a02b6c17652ba9043e3f622ed985a9.1920x1080.jpg?t=1683566799'),

(153001,'https://cdn.cloudflare.steamstatic.com/steam/apps/1217060/ss_766c04e48e2c7b3d86406368c8c4b4b9cfddedcc.1920x1080.jpg?t=1686623757'),
(153002,'https://cdn.cloudflare.steamstatic.com/steam/apps/1217060/ss_b489e3c646b594f7c1a066a4657cad1006468050.1920x1080.jpg?t=1686623757'),
(153003,'https://cdn.cloudflare.steamstatic.com/steam/apps/1217060/ss_f2018a6b4525a0142e4a50776f7f06186881c185.1920x1080.jpg?t=1686623757'),
(153004,'https://cdn.cloudflare.steamstatic.com/steam/apps/1217060/ss_0b2fd4991362d162c7be38907885102fed45d03f.1920x1080.jpg?t=1686623757'),

(153101,'https://cdn.cloudflare.steamstatic.com/steam/apps/1599600/ss_8c944c593113598b6446b6b5d07962a10fe79ec6.1920x1080.jpg?t=1688049689'),
(153102,'https://cdn.cloudflare.steamstatic.com/steam/apps/1599600/ss_2fb45e66d1b4e8c3d8fe6743fad278bcc082c2d5.1920x1080.jpg?t=1688049689'),
(153103,'https://cdn.cloudflare.steamstatic.com/steam/apps/1599600/ss_833de2e09f19972bb9e7db021c793da6afdab8a0.1920x1080.jpg?t=1688049689'),
(153104,'https://cdn.cloudflare.steamstatic.com/steam/apps/1599600/ss_5cdb7d8147767fece03a9a69a10af64a2e0c5e47.1920x1080.jpg?t=1688049689'),

(153201,'https://cdn.cloudflare.steamstatic.com/steam/apps/728880/ss_2f84a12e1fe82cca37848bf29d4b8b16e83db03b.1920x1080.jpg?t=1670442579'),
(153202,'https://cdn.cloudflare.steamstatic.com/steam/apps/728880/ss_652d62549a8a5fdf4f0061e20b16a3cd9a19dc45.1920x1080.jpg?t=1670442579'),
(153203,'https://cdn.cloudflare.steamstatic.com/steam/apps/728880/ss_3728a182f291231c4713860611dd9292b8b4fd05.1920x1080.jpg?t=1670442579'),
(153204,'https://cdn.cloudflare.steamstatic.com/steam/apps/728880/ss_34974a4c2047b287a1f55802fde061fd7ee1a026.1920x1080.jpg?t=1670442579'),
(153205,'https://cdn.cloudflare.steamstatic.com/steam/apps/728880/ss_a87a245229d8196f25301685d991467412e9fef8.1920x1080.jpg?t=1670442579');


insert into game_has_highlightimage values 
(1301, 1101), 
(1302, 1102), 
(1303, 1103),
(1304, 1104),
(1305, 1105),
(1306, 1106),
(1307, 1107),
(1308, 1108),
(1309, 1109),
(13010, 11010),
(13011, 11011),
(13012, 11012),
(13013, 11013),
(13014, 11014),
(13015, 11015),
(13016, 11016),
(13017, 11017),
(13018, 11018),
(13018, 11019),
(13020, 11020),
(1301, 11021),
(1302, 11022),
(1303, 11023),
(1304, 11024),
(1305, 11025),
(1306, 11026),
(1307, 11027),
(1308, 11028),
(1309, 11029),
(13010, 11030),
(13011, 11031),
(13012, 11032),

(1401, 1101), 
(1402, 1102), 
(1403, 1103),
(1404, 1104),
(1405, 1105),
(1406, 1106),
(1407, 1107),
(1408, 1108),
(1409, 1109),
(14010, 11010),
(14011, 11011),
(14012, 11012),
(14013, 11013),
(14014, 11014),
(14015, 11015),
(14016, 11016),
(14017, 11017),
(14018, 11018),
(14018, 11019),
(14020, 11020),
(1401, 11021),
(1402, 11022),
(1403, 11023),
(1404, 11024),
(1405, 11025),
(1406, 11026),
(1407, 11027),
(1408, 11028),
(1409, 11029),
(14010, 11030),
(14011, 11031),
(14012, 11032);

insert into game_has_category values 
(201, 1101), 
(202, 1102), 
(203, 1103),
(204, 1105),
(205, 1106),
(206, 1104),
(207, 1108),
(208, 1107),
(209, 11010),
(2010, 11011),
(2011, 1109),
(2012, 11014),
(2013, 11012),
(2014, 11013),
(2015, 11015),
(2016, 11017),
(2017, 11016),
(2018, 11020),
(2019, 11021),
(2020, 11018),
(201, 11019),
(202, 11022),
(2010, 11024),
(2012, 11025),
(2015, 11023),
(2016, 11027),
(2017, 11026),
(2020, 11028),
(202, 11029),
(2013, 11030),
(2017, 11031),
(2018, 11032);

insert into game_has_image values 
(150101, 1101),
(150102, 1101),
(150103, 1101),
(150104, 1101),
(150105, 1101),

(150201, 1102),
(150202, 1102),
(150203, 1102),
(150204, 1102),
(150205, 1102),

(150301, 1103),
(150302, 1103),
(150303, 1103),
(150304, 1103),
(150305, 1103),

(150401, 1104),
(150402, 1104),
(150403, 1104),
(150404, 1104),
(150405, 1104),

(150501, 1105),
(150502, 1105),
(150503, 1105),
(150504, 1105),
(150505, 1105),

(150601, 1106),
(150602, 1106),
(150603, 1106),
(150604, 1106),
(150605, 1106),

(150701, 1107),
(150702, 1107),
(150703, 1107),
(150704, 1107),
(150705, 1107),

(150801, 1108),
(150802, 1108),
(150803, 1108),
(150804, 1108),

(150901, 1109),
(150902, 1109),
(150903, 1109),
(150904, 1109),
(150905, 1109),

(151001, 11010),
(151002, 11010),
(151003, 11010),
(151004, 11010),
(151005, 11010),

(151101, 11011),
(151102, 11011),
(151103, 11011),
(151104, 11011),
(151105, 11011),

(151201, 11012),
(151202, 11012),
(151203, 11012),
(151204, 11012),

(151301, 11013),
(151302, 11013),
(151303, 11013),

(151401, 11014),
(151402, 11014),
(151403, 11014),
(151404, 11014),
(151405, 11014),

(151501, 11015),
(151502, 11015),
(151503, 11015),
(151504, 11015),
(151505, 11015),

(151601, 11016),
(151602, 11016),
(151603, 11016),
(151604, 11016),

(151701, 11017),
(151702, 11017),
(151703, 11017),
(151704, 11017),
(151705, 11017),

(151801, 11018),
(151802, 11018),
(151803, 11018),

(151901, 11019),
(151902, 11019),
(151903, 11019),
(151904, 11019),

(152001, 11020),
(152002, 11020),
(152003, 11020),
(152004, 11020),
(152005, 11020),

(152101, 11021),
(152102, 11021),
(152103, 11021),
(152104, 11021),

(152201, 11022),
(152202, 11022),
(152203, 11022),
(152204, 11022),

(152301, 11023),
(152302, 11023),
(152303, 11023),
(152304, 11023),

(152401, 11024),
(152402, 11024),
(152403, 11024),
(152404, 11024),

(152501, 11025),
(152502, 11025),
(152503, 11025),
(152504, 11025),
(152505, 11025),

(152601, 11026),
(152602, 11026),
(152603, 11026),
(152604, 11026),
(152605, 11026),

(152701, 11027),
(152702, 11027),
(152703, 11027),
(152704, 11027),

(152801, 11028),
(152802, 11028),
(152803, 11028),
(152804, 11028),
(152805, 11028),

(152901, 11029),
(152902, 11029),
(152903, 11029),
(152904, 11029),
(152905, 11029),

(153001, 11030),
(153002, 11030),
(153003, 11030),
(153004, 11030),

(153101, 11031),
(153102, 11031),
(153103, 11031),
(153104, 11031),

(153201, 11032),
(153202, 11032),
(153203, 11032),
(153204, 11032),
(153205, 11032);

insert into member_favorite_game values 
(9001, 1101),
(9001, 1105),
(9001, 1108),
(9002, 1102),
(9002, 1103),
(9003, 1102),
(9003, 1105),
(9003, 1106),
(9003, 1107),
(9004, 11011),
(9004, 11015),
(9004, 11016),
(9006, 11021),
(9007, 11032),
(9007, 11031),
(9007, 11012),
(9008, 11021),
(9009, 11022),
(9009, 11011),
(9009, 11014),
(9009, 11030),
(9010, 11019),
(9010, 11010),
(9011, 11012),
(9011, 11014),
(9011, 11015),
(9011, 11012),
(9012, 11014),
(9012, 11017),
(9013, 11018),
(9013, 11019),
(9014, 11020),
(9015, 11012),
(9015, 11021),
(9015, 11022),
(9016, 1101),
(9016, 1105),
(9017, 1103),
(9017, 11013),
(9018, 11031),
(9018, 11021),
(9018, 1101),
(9019, 11012),
(9019, 11014),
(9020, 11022),
(9020, 11017);

INSERT INTO member_played_game VALUES
(9001, 1101, '2023-02-11'),
(9001, 1102, '2023-03-12'),
(9001, 1105, '2023-05-01'),
(9002, 1105, '2023-12-14'),
(9002, 1106, '2021-12-15'),
(9003, 1107, '2022-09-13'),
(9003, 1109, '2021-09-09'),
(9003, 1101, '2020-02-15'),
(9003, 11012, '2015-03-09'),
(9004, 11011, '2020-02-03'),
(9004, 11015, '2022-05-07'),
(9004, 11016, '2022-02-11'),
(9006, 11021, '2021-12-13'),
(9006, 11022, '2023-11-11'),
(9006, 11023, '2022-07-12'),
(9007, 11032, '2022-08-14'),
(9007, 11031, '2021-01-19'),
(9007, 11012, '2022-07-12'),
(9008, 11021, '2023-08-14'),
(9008, 11025, '2023-01-05'),
(9008, 11012, '2021-02-04'),
(9009, 1104, '2022-09-08'),
(9009, 11011, '2023-04-14'),
(9009, 11014, '2023-08-17'),
(9009, 11030, '2023-03-19'),
(9010, 11019, '2023-04-11'),
(9010, 11021, '2023-02-01'),
(9010, 11022, '2022-04-01'),
(9011, 11012, '2022-02-11'),
(9011, 11014, '2021-04-12'),
(9011, 11017, '2021-05-18'),
(9011, 11018, '2023-05-11'),
(9012, 11021, '2022-06-12'),
(9012, 11017, '2022-07-13'),
(9012, 11032, '2023-09-14'),
(9013, 1106, '2023-02-12'),
(9013, 1109, '2022-02-15'),
(9013, 11029, '2023-05-19'),
(9014, 11030, '2021-04-16'),
(9014, 11021, '2022-04-11'),
(9014, 11032, '2023-02-09'),
(9015, 11012, '2022-04-05'),
(9015, 11021, '2021-03-09'),
(9015, 11024, '2023-04-23'),
(9016, 1105, '2022-09-26'),
(9016, 1107, '2022-07-27'),
(9017, 1103, '2023-08-21'),
(9017, 11013, '2021-02-02'),
(9017, 11015, '2021-03-05'),
(9018, 11031, '2023-09-24'),
(9018, 11021, '2023-06-27'),
(9018, 1101, '2022-08-22'),
(9019, 11011, '2022-04-15'),
(9019, 11012, '2023-09-16'),
(9019, 11014, '2022-07-31'),
(9019, 11017, '2021-08-30'),
(9020, 11018, '2021-06-15'),
(9020, 11022, '2021-07-14'),
(9020, 11032, '2023-05-13');


insert into member_rate_game values 
(9001, 1101, 5, 'Nice'),
(9001, 1105, 3, 'I really enjoy playing UFC4'),
(9001, 1108, 1, 'I really good'),
(9002, 1102, 3, 'A lot has been said about the flaws of this game, and quite frankly, many of the criticisms are well deserved.'),
(9002, 1103, 2, 'It saddens me that this is the best HP fans have for gaming. The world of HP is overflowing with potential for a great RPG and it is nauseating to see it wasted on the blandest, most executive-centered strings of code ever written by a developer.'),
(9003, 1102, 4, 'After playing the game for about 400 hours, I would like to leave my part among other reviews and tell you a little bit about what I liked '),
(9003, 1105, 5, 'A game so immersive, it made you FEEL like you were the victim of a literal witch hunt from all the drama when it released.'),
(9003, 1106, 1, 'I have seen many games based on books/movies and most of them were either disappointing oder outright horrible.'),
(9003, 1107, 2, 'Reviewing this game is tricky. The game play could have been done better but everything else is magic.'),
(9004, 11011, 0, 'Hate this game'),
(9004, 11015, 1, 'Super fun but 0 REPLAY ABILITY'),
(9005, 11016, 2, 'great story and game play'),
(9006, 11021, 5, 'A lot better than expected. I was thinking about 100%ing it, but i wont because apart from the great story and side missions a lot of the other filler content is giving too strong ubisoft vibes.'),
(9007, 11032, 1, ' too casual, no challenge even on high difficulty.'),
(9007, 11031, 0, 'You push a man too far, and sooner or later hed start pushing back'),
(9007, 11012, 3, 'But still I sat myself down and decided to spend 100 hours completing the entirety of Pizza Tower.'),
(9008, 11021, 4, 'absolutely love this game'),
(9009, 11022, 5, 'Entertaining experince, very polished, feeling very good to play.'),
(9009, 11011, 2, 'I learned how to shave my balls because of this game'),
(9009, 11014, 2, 'I cant recommend this game to anyone - neither veterans of Paradox GSGs'),
(9009, 11030, 3, 'i ll be back in 2040 to play the game when the game is complete.'),
(9010, 11019, 5, 'One of the best open world games ever made.'),
(9010, 11010, 4, 'I really love this game ♥️'),
(9011, 11012, 3, 'I really enjoy playing UFC4'),
(9011, 11014, 1, 'It doesnt really feel like Im doing anything.'),
(9011, 11015, 5, 'pizza tower is the best game I ever ever played. I just wish italians were real'),
(9011, 11012, 5, 'Good game go buy it right now.'),
(9012, 11014, 2, 'the warfare sucks and i feel like i am doing nothing'),
(9012, 11017, 1, 'the worst war system in any game ever made, makes the game 50% unplayable, but also the best economic simulator game'),
(9013, 11018, 3, 'Flawed but fun.'),
(9013, 11019, 1, 'I dont want to spend 30 infamy and create WW1 over a single state'),
(9014, 11020, 3, 'Youll spend 95% of your time in 5 speed, waiting for constructions to finish.'),
(9015, 11012, 4, 'most fun ive ever had in a game'),
(9015, 11021, 5, 'There are better games out there.'),
(9015, 11022, 2, 'The AI is broken, incompetent and doesnt do anything'),
(9016, 1101, 3, 'Huge memory leaks, constant crashes, way overpriced'),
(9016, 1105, 2, 'I am just done with Paradox games in general.'),
(9017, 1103, 4, 'This is some march of the eagles tier GARBAGE.'),
(9017, 11013, 5, 'The game is nice. I will continue to play it. Its getting better with each patch.'),
(9018, 11031, 3, 'Why did i pay full price for a shell of a game?'),
(9018, 11021, 2, 'Like other reviewers, I recommend this lukewarmly only because I dont think its bad enough to warrant a NEGATIVE review and I had fun with the base mechanics enough to not call it a waste of money.'),
(9018, 1101, 1, 'Not in a truly functional state yet.'),
(9019, 11012, 3, 'I saw how much meat they cut off from the older game and how they redesigned it.'),
(9019, 11014, 2, 'they made a battleship of a game but forgot to put on the guns, anchor, steering and left a massive hole in the bottom.'),
(9020, 11022, 1, 'I want with all my heart to recommend this game. It had a rocky release, not super well received on Steam'),
(9020, 11032, 3, 'It makes me wonder why Paradox gets to keep all the money');

INSERT INTO publisher_has_game VALUES
(101, 1101, '2023-02-11'),
(101, 1102, '2023-03-12'),
(102, 1103, '2023-05-01'),
(103, 1104, '2023-12-14'),
(104, 1105, '2021-12-15'),
(105, 1106, '2022-09-13'),
(106, 1107, '2021-09-09'),
(107, 1108, '2020-02-15'),
(107, 1109, '2015-03-09'),
(108, 11010, '2020-02-03'),
(109, 11011, '2022-05-07'),
(1010, 11012, '2022-02-11'),
(1011, 11013, '2021-12-13'),
(1012, 11014, '2023-11-11'),
(1013, 11015, '2022-07-12'),
(1014, 11016, '2022-08-14'),
(1014, 11017, '2021-01-19'),
(1015, 11018, '2022-07-12'),
(1016, 11019, '2023-08-14'),
(1017, 11020, '2023-01-05'),
(1018, 11021, '2021-02-04'),
(1019, 11022, '2022-09-08'),
(1020, 11023, '2023-04-14'),
(101, 11024, '2023-08-17'),
(102, 11025, '2023-03-19'),
(102, 11026, '2023-04-11'),
(1014, 11027, '2023-02-01'),
(1015, 11028, '2022-04-01'),
(105, 11029, '2022-02-11'),
(1017, 11030, '2021-04-12'),
(1018, 11031, '2021-05-18'),
(103, 11032, '2023-05-11');

insert into publisher_has_highlightimage values 
(1301, 101), 
(1302, 102), 
(1303, 103),
(1304, 104),
(1305, 105),
(1306, 106),
(1307, 107),
(1308, 108),
(1309, 109),
(13010, 1010),
(13011, 1011),
(13012, 1012),
(13013, 1013),
(13014, 1014),
(13015, 1015),
(13016, 1016),
(13017, 1017),
(13018, 1018),
(13018, 1019),
(13020, 1020),

(1401, 101), 
(1402, 102), 
(1403, 103),
(1404, 104),
(1405, 105),
(1406, 106),
(1407, 107),
(1408, 108),
(1409, 109),
(14010, 1010),
(14011, 1011),
(14012, 1012),
(14013, 1013),
(14014, 1014),
(14015, 1015),
(14016, 1016),
(14017, 1017),
(14018, 1018),
(14018, 1019),
(14020, 1020);

